Identifiant par défaut;Nom de l'établissement;Adresse de l'établissement;Adresse secondaire de l'établissement;Code postal;Commune;Code cedex;Numéro de téléphone de l'établissement;Numéro de téléphone secondaire de l'établissement;Numéro de fax;Courriel;Site internet;Capacité de l'établissement;Les tarifs de l'établissement;Les ouvertures de l'établissement;Première classification;Deuxième classification;Appartenance au label Vignobles et Découvertes;Appartenance à la marque Accueil Vélo, accueil et services adaptés aux touristes à vélo;Appartenance à la marque Loire à Vélo, accueil et services adaptés aux touristes à vélo;Itinéraire européen. Présentation des établissements se trouvant proche de l'itinéraire;Prise en charge du handicap moteur du label Tourisme et Handicap;Prise en charge du handicap mental du label Tourisme et Handicap;Prise en charge du handicap auditif du label Tourisme et Handicap;Prise en charge du handicap visuel du label Tourisme et Handicap;"Classement ""cocottes"" spécifique aux hébergements de qualité Logis";Appartenance de l'établissemant aux chaînes hôtelières;Appartenance de l'établissemant aux labels restaurants, à la marque HOTELcert, déposée du Groupe AFNOR;Classement de l'établissement en épi, étoile, clé selon le LABEL_1;Appartenance de l'établissement aux labels restaurants, à la marque HOTELcert, déposée du Groupe AFNOR;Classement de l'établissement en épi, étoile, clé selon le LABEL_2;Appartenance de l'établissement au label écologique Européen - Catégorie 1;Appartenance de l'établissement au label écologique Européen - Catégorie 2;Zones géographique du département;Etablissement disposant d'un restaurant;Etablissement disposant d'un parking;Etablissement disposant d'une piscine;Etablissement disposant d'un spas, sauna, hammam;Etablissement acceptant les animaux;Etablissement disposant d'une salle de réunion;Personnel de l'établissement parlant;Personnel de l'établissement parlant;Personnel de l'établissement parlant;Personnel de l'établissement parlant;Base tarif 1 de l'établissement;Base tarif 2 de l'établissement;Chèques Vacances acceptés par l'établissement;Capacité, en personnes;Capacité, en chambres;_l
1;LE BRETAGNE;33 rue du Mes;Pont d'Armes;44410;ASSERAC;;02 40 01 71 03;;;contact@lebretagne.net;www.lebretagne.net;12 chambres;;;Hôtels;;;;;;;;;;;;;;;;;;;;oui;;;;;français;;;;;;oui;;12;[ 47.41377052 , -2.39918115]
2;LE LICHEN DE LA MER;4 route de la Govelle;;44740;BATZ-SUR-MER;;02 40 23 91 92;;02 40 23 84 88;info@le-lichen.com;www.le-lichen.com;17 chambres;De 60 à 260 Euros;Ouvert du 17/12/11 au 15/11/12;Hôtels;;;;;;;;;;;;;;;;;;;;oui;;;oui;oui;allemand;anglais;;;;;oui;;17;[ 47.27000169 , -2.45898179]
3;LES EMBRUNS;Route du Croisic;;44740;BATZ-SUR-MER;;02 40 23 83 33;;02 40 23 84 02;hotel.lesembruns@orange.fr;;19 chambres;De 48 à 65 Euros;Ouvert du 12/02/12 au 15/11/12;Hôtels;;;;;;;;;;;;;;;;;;;;oui;;;oui;;anglais;espagnol;;;;;oui;;19;[ 47.27937572 , -2.48370467]
4;B&B HÔTEL NANTES AEROPORT;Latécoère;Aéroport de Nantes Atlantique;44346;BOUGUENAIS;;08 92 78 80 68;;02 51 70 83 00;;www.hotelbb.com;84 chambres;De 49 à 63 Euros;;Hôtels;;;;;;;;;;;;;;;;CléVerte;;;;oui;;;oui;;anglais;espagnol;;;;;oui;;84;[ 47.157322 , -1.6020495]
5;HOTEL F1 - BOUGUENAIS;Parc de la Bouvre;;44340;BOUGUENAIS;;08 91 70 53 38;;02 40 26 94 39;H2430@accor.com;www.hotelformule1.com;63 chambres;;;Hôtels;;;;;;;;;;;;;;;;;;;;oui;;;oui;;anglais;;;;;;oui;;63;[ 47.1736863 , -1.6101151]
6;ESCALE OCEANIA;Aéroport de Nantes Atlantique;;44340;BOUGUENAIS;;02 40 32 14 14;;02 40 32 14 13;escaleoceanianantes@oceaniahotels.com;www.oceaniahotels.com;74 chambres;De 79 à 140 Euros;;Hôtels;;;;;;;;;;;;;;;;;;;;oui;Piscine;;oui;;anglais;espagnol;;;;;oui;;74;[ 47.157322 , -1.6020495]
7;HOTEL F1 - CARQUEFOU LA BELLE ETOILE;2, Allée des Sapins;RN 23;44470;CARQUEFOU;;08 91 70 53 36;;02 40 68 83 80;arnaud.griffon@accor.com;www.hotelf1.com;64 chambres;De 31 à 34 Euros;;Hôtels;;;;;;;;;;;;;;;;;;;;oui;;;oui;;espagnol;;;;;;oui;;64;[ 47.2968907 , -1.4922237]
8;LE CHATEAUBRIANT;30, rue du 11 novembre;;44110;CHATEAUBRIANT;;02 40 28 14 14;;02 40 28 26 49;hotellechateaubriant@orange.fr;www.hotellechateaubriant.fr;34 chambres;De 55 à 116 Euros;;Hôtels;;;;;;;;;;;;;;;;;;;;oui;;;oui;;anglais;espagnol;;;;;oui;;34;[ 47.7205167 , -1.3770787]
9;ETAP HOTEL;Route de St Nazaire;;44110;CHATEAUBRIANT;;08 92 70 12 57;;02 40 81 06 16;h6753@accor.com;www.etaphotel.com;34 chambres;De 39 à 42 Euros;;Hôtels;;;;;;;;;;;Etap Hotel;;;;;;;;;;;;oui;;;;;;;;;;34;[ 47.7044289 , -1.3918752]
10;LA GARE;;23 rue Ferdinand Albert;44190;CLISSON;;02 40 36 16 55;;02 40 54 40 85;petit-sa@wanadoo.fr;www.hotel-delagare.fr;35 chambres;A partir de  60 ;Ouvert toute l'année;Hôtels;;;;;;;;;;;;;;;;;;;oui;oui;;;oui;oui;anglais;;;;;;oui;;35;[ 47.0865734 , -1.2860688]
11;AUBERGE DE LA CASCADE;;26 route de Gervaux;44190;CLISSON;;02 40 54 02 41;;;lacascade-clisson44@orange.fr;;10 chambres;;;Hôtels;;;;;;;;;;;;;;;;;;;oui;oui;;;oui;;anglais;;;;;;oui;;10;[ 47.0957871 , -1.2818436]
12;BEST WESTERN VILLA SAINT ANTOINE;8 rue St Antoine;;44190;CLISSON;;02 40 85 46 46;;02 40 85 46 47;contact@hotel-villa-saint-antoine.com;www.hotel-villa-saint-antoine.com;43 chambres;;Ouvert toute l'année;Hôtels;;oui;;;;;;;;;Best Western;;;;;;;;oui;oui;Piscine;oui;oui;oui;anglais;espagnol;;;;;;;43;[ 47.0868717 , -1.2783918]
13;ETAP HOTEL NANTES OUEST;Route de Vannes;La Barrière Noire;44220;COUERON;;08 92 68 32 73;;02 40 38 39 52;H2527@accor.com;www.etaphotel.com;64 chambres;De 47 à 48 Euros;;Hôtels;;;;;;;;;;;Etap Hotel;;;;;;;;;oui;;;oui;;anglais;;;;;;oui;;64;[ 47.2420247 , -1.6682179]
14;EUROCEAN;7 place de Kerhilliers;;44350;GUERANDE;;02 40 42 90 42;06 71 33 93 88;02 40 15 70 06;eurocean@otelissim.com;eurocean@otelissim.com;33 chambres;De 39 à 59 Euros;;Hôtels;;;;;;;;;;;;;;;;;;;oui;oui;;;oui;oui;;;;;;;oui;;33;[ 47.32579105 , -2.41348028]
15;LES REMP'ARTS;14-15 boulevard du Nord;;44350;GUERANDE;;02 40 24 90 69;;02 40 62 17 99;hotelremparts@orange.fr;;8 chambres;De 49 à 69 Euros;Ouvert toute l'année;Hôtels;;;;;;;;;;;;;;;;;;;oui;;;;oui;;anglais;;;;;;oui;;8;[ 47.32902912 , -2.42729908]
16;HOTEL DE LA CITE;2 place Dolgellau;;44350;GUERANDE;;02 40 22 02 20;;02 40 22 40 22;reception@hoteldelacite-guerande.com;www.hotel-guerande.com;60 chambres;A partir de 75 Euros;Ouvert toute l'année;Hôtels;;;;;;;;;;;Citotel;;;;;;;;;oui;Piscine;;oui;oui;allemand;anglais;espagnol;;;;oui;;60;[ 47.3278182 , -2.4294169]
17;LA LOUEE;;Route de Clisson;44115;HAUTE-GOULAINE;;02 40 54 90 25;;02 40 06 17 70;hoteldelalouee@wanadoo.fr;www.hoteldelalouee.fr;46 chambres;;;Hôtels;;;;;;;;;;;Contact Hotel;;;;;;;;oui;oui;;;oui;;anglais;;;;;;oui;;46;[ 47.184957 , -1.4422441]
18;HERMITAGE BARRIERE;5 esplanade Lucien Barrière;BP 173;44500;LA BAULE;;02 40 11 46 46;0 825 826 016;02 40 11 46 45;hermitage@lucienbarriere.com;www.hermitage-barriere.com;207 chambres;De 257 à 715 Euros;Ouvert du 30/03/2012 au 23/09/2012;Hôtels;;;;;;;;;;;;;;;;;;;oui;oui;Piscine couverte;oui;oui;oui;allemand;anglais;espagnol;;;;;;207;[ 47.2869657 , -2.3914496]
19;ROYAL-THALASSO-BARRIERE;6, avenue Pierre Loti;BP 174;44500;LA BAULE;;02 40 11 48 48;0 825 826 016;02 40 11 48 45;royalthalasso@lucienbarriere.com;www.lucienbarriere.com;91 chambres;De 196 à 608 Euros;Ouvert du 01/01/2012 au 31/12/2012;Hôtels;;;;;;;;;;;;;;;;;;;oui;oui;Piscine couverte;oui;oui;oui;allemand;anglais;espagnol;;;;;;91;[ 47.2869657 , -2.3914496]
20;ALCYON;19, allée des Pétrels;;44500;LA BAULE;;02 40 60 19 37;;02 40 42 71 33;info@alcyon-hotel.com;www.alcyon-hotel.com;32 chambres;De 75 à 142 Euros;Ouvert du 23/01/2012 au 31/12/2012;Hôtels;;;;;;;;;;;Citotel;;;;;;;;oui;oui;;;oui;oui;anglais;;;;;;oui;;32;[ 47.2851755 , -2.3956474]
21;BELLEVUE PLAGE;27, boulevard de l'Océan;;44500;LA BAULE;;02 40 60 28 55;;02 40 60 10 18;hotel@hotel-bellevue-plage.fr;www.hotel-bellevue-plage.fr;35 chambres;De 95 à 195 Euros;Ouvert du 28/01/2012 au 09/12/2012;Hôtels;;;;;;;;;;;;;;;;;;;oui;oui;Piscine couverte;oui;oui;oui;anglais;espagnol;;;;;oui;;35;[ 47.278698 , -2.3731482]
22;MERCURE LA BAULE MAJESTIC;14, esplanade Lucien Barrière;;44500;LA BAULE;;02 40 60 24 86;;02 40 42 03 13;h5692@accor.com;www.hotelmercure-labaule.com;83 chambres;De 98 à 390 Euros;Ouvert du 01/01/2012 au 31/12/2012;Hôtels;;;;;;;;;;;;;;;;;;;oui;oui;;;oui;oui;allemand;anglais;espagnol;italien;;;oui;;83;[ 47.280693 , -2.4084157]
23;LA VILLA CAROLINE;46, avenue des Lilas;;44500;LA BAULE;;02 40 11 54 54;;02 40 60 67 95;villacaroline@vacancesbleues.com;www.vacancesbleues.com;69 chambres;De 90 à 165 Euros;Ouvert du  25/02 au 30/10/2012;Hôtels;;;;;;;;;;;;;;;;;;;;oui;;;oui;;anglais;espagnol;;;;;oui;;69;[ 47.2774795 , -2.4208422]
24;BRITTANY BEST WESTERN;7, avenue des Impairs;;44500;LA BAULE;;02 40 60 30 25;;02 40 24 37 30;info@hotelbrittany.com;www.hotelbrittany.com;19 chambres;De 100 à 195 Euros;Ouvert du 01/01/2012 au 31/12/2012;Hôtels;;;;;;;;;;;Best Western;;;;;;;;;;;;oui;oui;anglais;;;;;;oui;;19;[ 47.2825742 , -2.3961749]
25;VILLA CAP D'AIL;145, avenue de Lattre de Tassigny;;44500;LA BAULE;;02 40 60 29 30;06 16 19 21 06;02 40 11 03 96;villacapdail@wanadoo.fr;www.villacapdail.com;22 chambres;De 70 à 160 Euros;Ouvert du 01/01/2012 au 31/12/2012;Hôtels;;;;;;;;;;;;;;;;;;;;;;;oui;oui;allemand;anglais;;;;;oui;;22;[ 47.2851936 , -2.3988756]
26;HOSTELLERIE DU BOIS;65, avenue Lajarrige;La Baule les Pins;44500;LA BAULE;;02 40 60 24 78;;02 40 42 05 88;hostellerie-du-bois@wanadoo.fr;www.hostellerie-du-bois.com;15 chambres;De 60 à 74 Euros;Ouvert du  15/03 au 15/11/2012 ;Hôtels;;;;;;;;;;;;;;;;;;;oui;;;;oui;;anglais;espagnol;italien;;;;oui;;15;[ 47.2822716 , -2.3672427]
27;LUTETIA;13, avenue Olivier Guichard;;44500;LA BAULE;;02 40 60 25 81;;02 40 42 73 52;contact@lutetia-labaule.com;www.lutetia-labaule.com;26 chambres;De 69 à 195 Euros;Ouvert du 01/01/2012 au 31/12/2012;Hôtels;;;;;;;;;;;;;;;;;;;oui;oui;;oui;oui;oui;anglais;;;;;;oui;;26;[ 47.283742 , -2.393944]
28;LA MASCOTTE;26, avenue Marie Louise;;44500;LA BAULE;;02 40 60 26 55;;02 40 60 15 67;hotel.la.mascotte@wanadoo.fr;www.la-mascotte.fr;24 chambres;De 77 à 126 Euros;Ouvert du 01/01/2012 au 31/12/2012;Hôtels;;;;;;;;;;;;;;;;;;;;;Piscine couverte;;oui;oui;anglais;espagnol;;;;;oui;;24;[ 47.2821202 , -2.406516]
29;SAINT CHRISTOPHE;Place Notre Dame;;44500;LA BAULE;;02 40 62 40 00;;02 40 62 40 40;reception.hsc@wanadoo.fr;www.st-christophe.com;45 chambres;De 68 à 194 Euros;Ouvert du 01/01/2012 au 31/12/2012;Hôtels;;;;;;;;;;;Chateaux et Hotels Collection;;;;;;;;oui;oui;;;oui;oui;allemand;anglais;;;;;oui;;45;[ 47.28320313 , -2.39606806]
30;LE SAINT PIERRE;124, avenue de Lattre de Tassigny;;44500;LA BAULE;;02 40 24 05 41;;02 40 11 03 41;contact@hotel-saint-pierre.com;www.hotel-saint-pierre.com;19 chambres;De 69 à 112 Euros;Ouvert du 01/01/2012 au 31/12/2012;Hôtels;;;;;;;;;;;Inter Hotel;;;;;EcoLabel;;;;;;;oui;;anglais;espagnol;;;;;oui;;19;[ 47.2847465 , -2.4007539]
31;RELAIS&CHATEAUX CASTEL MARIE-LOUISE;1, avenue Andrieu;B.P.409;44500;LA BAULE;;02 40 11 48 38;;02 40 11 48 35;marielouise@relaischateaux.com;www.castel-marie-louise.com;31 chambres;De 182 à 749 Euros;Ouvert du 05/02/2012 au 31/12/2012;Hôtels;;;;;;;;;;;Relais et Châteaux;;;;;;;;oui;oui;;;oui;oui;allemand;anglais;espagnol;;;;;;31;[ 47.2869657 , -2.3914496]
32;LE CHRISTINA;26, boulevard Hennecart;B.P. 2;44500;LA BAULE;;02 40 60 22 44;;02 40 11 04 31;christina@hotel-le-christina.com;www.hotel-le-christina.com;38 chambres;De 80 à 135 Euros;Ouvert du 03/02/2012 au 31/12/2012;Hôtels;;;;;;;;;;;;;;;;;;;oui;oui;;;oui;oui;allemand;anglais;italien;néerlandais;;;oui;;38;[ 47.2869657 , -2.3914496]
33;CONCORDE;1, bis avenue de La Concorde;;44500;LA BAULE;;02 40 60 23 09;;02 40 42 72 14;info@hotel-la-concorde.com;www.hotel-la-concorde.com;47 chambres;De 88 à 145 Euros;Ouvert du  05/04 au 30/09/2012;Hôtels;;;;;;;;;;;;;;;;;;;oui;oui;;;;;allemand;anglais;;;;;oui;;47;[ 47.2823436 , -2.3998562]
34;ASTROLABE;106, avenue de Lattre de Tassigny;;44500;LA BAULE;;02 40 60 21 75;;02 40 60 67 66;hotelastrolabe@hotmail.fr;www.hotelastrolabe.fr;15 chambres;De 43 à 67 Euros;;Hôtels;;;;;;;;;;;;;;;;;;;;;;;oui;;anglais;;;;;;;;15;[ 47.2830924 , -2.4078563]
35;MONA LISA;42, avenue Georges Clemenceau;;44500;LA BAULE;;02 40 60 21 33;;02 40 42 72 46;hotel-mona-lisa@orange.fr;www.hotelmonalisa-labaule.com;16 chambres;De 69 à 99 Euros;Ouvert du 01/01/2012 au 31/12/2012;Hôtels;;;;;;;;;;;;;;;;;;;;;;;oui;;anglais;espagnol;;;;;oui;;16;[ 47.2877611 , -2.3875301]
36;LA CLOSERIE;173, avenue de Lattre de Tassigny;;44500;LA BAULE;;02 51 75 17 00;;02 51 75 17 19;info@hotel-la-closerie.com;www.hotel-la-closerie.com;13 chambres;De 70 à 85 Euros;;Hôtels;;;;;;;;;;;;;;;;;;;;oui;;;oui;;anglais;;;;;;;;13;[ 47.285633 , -2.3970173]
37;DUNES;277, avenue de Lattre de Tassigny;;44500;LA BAULE;;02 51 75 07 10;;02 51 75 07 11;info@hotel-des-dunes.com;www.hotel-des-dunes.com;32 chambres;De 47 à 64 Euros;;Hôtels;;;;;;;;;;;Citotel;;;;;;;;oui;oui;;;oui;oui;allemand;anglais;;;;;oui;;32;[ 47.2863541 , -2.3944195]
38;MARINI;22, avenue Georges Clemenceau;;44500;LA BAULE;;02 40 60 23 29;;02 40 11 16 98;f.senet@otelissim.com;;33 chambres;De 62 à 89 Euros;;Hôtels;;;;;;;;;;;;;;;;;;;oui;;Piscine couverte;oui;oui;;anglais;;;;;;oui;;33;[ 47.2874155 , -2.3891212]
39;LA PALMERAIE;7, avenue des Cormorans;;44500;LA BAULE;;02 40 60 24 41;;02 40 42 73 71;palmeraie@otelissim.com;;22 chambres;De 65 à 115 Euros;;Hôtels;;;;;;;;;;;;;;;;;;;oui;;;;oui;;anglais;;;;;;oui;;22;[ 47.2828147 , -2.3976027]
40;LE PARIS;138, avenue des Ondines;;44500;LA BAULE;;02 40 70 09 01;;02 40 60 83 76;contact@hoteldeparis-labaule.com;www.hoteldeparis-labaule.com;16 chambres;De 48 à 68 Euros;Ouvert du 10/01/2012 au 20/12/2012;Hôtels;;;;;;;;;;;;;;;;;;;;;;;oui;;anglais;espagnol;;;;;oui;;16;[ 47.2880837 , -2.3898049]
41;PLEIADES;28, boulevard Docteur René Dubois;;44500;LA BAULE;;02 51 75 06 06;;02 40 60 94 07;les-pleiades@magic.fr;www.les-pleiades.com;50 chambres;De 65 à 100 Euros;;Hôtels;;;;;;;;;;;;;;;;;;;;oui;;;;oui;anglais;;;;;;oui;;50;[ 47.2809966 , -2.3839061]
42;LES TENNIS MEN;1, avenue de Lyon;;44500;LA BAULE;;02 40 60 24 04;;02 40 60 66 32;hotel.tennis@wanadoo.fr;www.hotel-lestennis.com;18 chambres;De 55 à 82 Euros;Ouvert du 01/01/2012 au 31/12/2012;Hôtels;;;;;;;;;;;;;;;;;;;;oui;;;;;anglais;;;;;;oui;;18;[ 47.2788626 , -2.363709]
43;TY GWENN;25, avenue de la Grande Dune;;44500;LA BAULE;;02 40 60 37 07;;02 40 11 08 43;hotel.tygwenn@wanadoo.fr;www.hotel-tygwenn.fr;16 chambres;De 65 à 78 Euros;Ouvert du 10/02/2012 au 11/11/2012;Hôtels;;;;;;;;;;;;;;;;;;;oui;;;;;;anglais;;;;;;oui;;16;[ 47.27998548 , -2.36814755]
44;LE CORALLI;2, avenue Pierre 1er de Serbie;;44500;LA BAULE;;02 40 60 29 82;;02 40 60 82 26;info@lecorallilabaule.com;www.lecorallilabaule.com;8 chambres;Apartir de 40 Euros;;Hôtels;;;;;;;;;;;;;;;;;;;;;;;oui;;anglais;;;;;;oui;;8;[ 47.2749913 , -2.4265872]
45;B&B HÔTEL NANTES LA CHAPELLE;Parc de Gesvres;;44240;LA CHAPELLE-SUR-ERDRE;;08 92 78 80 70;;02 51 12 70 30;bb_4151@hotelbb.com;www.hotelbb.com;60 chambres;De 42,3 à 65 Euros;;Hôtels;;;;;;;;;;;;;;;;CléVerte;;;;oui;;;oui;;;;;;;;oui;;60;[ 47.2998093 , -1.5498773]
46;DELMAR HOTEL;4, rue de la Guillauderie;Parc d'activités de Tournebride;44118;LA CHEVROLIERE;;02 40 65 22 22;;;delmarhotel@orange.fr;www.delmar-hotel.com;25 chambres;De 80 à 115 Euros;toute l'année;Hôtels;;;;;;;;;;;Citotel;;;;;Hotel Cert;;;oui;oui;;;oui;oui;anglais;;;;;;oui;;25;[ 47.0794343 , -1.566995]
47;LES CHANTS D'AILES;11 boulevard Bellanger;;44420;LA TURBALLE;;02 40 23 47 28;;02 40 62 86 43;hotel.chantsdailes@wanadoo.fr;laturballe.free.fr/hotel-chantsdailes;19 chambres;De 40 à 81 Euros;Ouvert à partir du 11/02/12;Hôtels;;;;;;;;;;;;;;;;;;;;oui;;;oui;;anglais;espagnol;;;;;oui;;19;[ 47.34369952 , -2.50693665]
48;LES VIKINGS;Port Lin;;44490;LE CROISIC;;02 40 62 90 03;;02 40 23 28 03;vikings@fr.oleane.com;www.hotel-les-vikings.com;24 chambres;De 75 à 111 Euros;Ouvert toute l'année;Hôtels;;;;;;;;;;;;;;;;;;;oui;;;;oui;oui;anglais;;;;;;;;24;[ 47.29499178 , -2.51508759]
49;LES NIDS;15 rue Pasteur;Port Lin;44490;LE CROISIC;;02 40 23 00 63;;02 40 23 09 79;hotellesnids@worldonline.fr;www.hotellesnids.com;24 chambres;;;Hôtels;;;;;;;;;;;;;;;;;;;;oui;Piscine couverte;;oui;;anglais;espagnol;;;;;oui;;24;[ 47.28505448 , -2.5131809]
50;LE MONDÈS;13 rue du Centre;;44510;LE POULIGUEN;;02 40 42 31 03;;02 51 73 49 54;lemondes@orange.fr;www.hotel-pouliguen.com;9 chambres;De 43 à 69 Euros;Ouvert du 01/07/12 au 30/08/12 : de 8h à 01h;Hôtels;;;;;;;;;;;;;;;;;;;;;;;;;anglais;;;;;;oui;;9;[ 47.27661711 , -2.4291201]
51;LES FARFADETS;28 quai Jules Sandeau;;44510;LE POULIGUEN;;02 40 42 32 61;;02 40 62 20 66;grand.hotel.neptune@wanadoo.fr;perso.orange.fr/grandhotelneptune;12 chambres;;;Hôtels;;;;;;;;;;;;;;;;;;;oui;;;;;;anglais;;;;;;oui;;12;[ 47.27602192 , -2.42694831]
52;A L'OREE DU BOIS;21 rue Maréchal Foch;;44510;LE POULIGUEN;;02 40 42 32 18;;02 40 62 23 73;hotel@aloreedubois.net;www.aloreedubois.net;16 chambres;;;Hôtels;;;;;;;;;;;;;;;;;;;oui;;;;oui;;anglais;;;;;;oui;;16;[ 47.272459 , -2.4258324]
53;ETAP HOTEL ANCENIS;630 rue de l'Industrie;Zone du Château Rouge;44522;MESANGER;;08 92 70 12 48;;02 51 14 04 05;h6559@accor.com;www.etaphotel.com;63 chambres;De 44 à 49 Euros;toute l'année;Hôtels;;;;;;;;;;;;;;;;;;;oui;oui;;;oui;oui;anglais;;;;;;oui;;63;[ 47.4320739 , -1.2312982]
54;AMIRAL;26 bis, Rue Scribe;;44000;NANTES;;02 40 69 20 21;;02 40 73 98 13;amiral@hotel-nantes.fr;www.hotel-nantes.fr;49 chambres;De 59 à 85 Euros;;Hôtels;;;oui;;oui;;;;;;;;;Hotel Cert;;CléVerte;EcoLabel;;;;;;oui;;anglais;espagnol;;;;;oui;;49;[ 47.2139919 , -1.5626165]
55;STARS;3 rue du Petit Chatelier;;44303;NANTES;;02 40 93 23 73;;02 40 52 20 41;stars-nantes@jjwhotels.com;www.jjwhotels.com;45 chambres;De 40 à 65 Euros;;Hôtels;;;;;;;;;;;;;;;;;;;;oui;;;oui;;allemand;anglais;espagnol;;;;oui;;45;[ 47.247112 , -1.5040676]
56;B&B HÔTEL NANTES CENTRE;10, Place Viarme;;44000;NANTES;;08 92 78 80 72;;02 40 89 43 78;bb_4304@hotelbb.com;www.hotel-bb.com;60 chambres;De 45 à 54 Euros;;Hôtels;;;;;;;;;;;Autres;;;;;CléVerte;;;;oui;;;oui;;anglais;;;;;;oui;;60;[ 47.220331 , -1.5617959]
57;HOTEL F1 - NANTES EST PORTE DE SAINTE LUCE;345, Route de Sainte Luce;;44303;NANTES;;08 91 70 53 35;;02 40 93 14 31;H2260@accor.com;www.hotelf1.com;64 chambres;De 32,5 à 36 Euros;;Hôtels;;;;;;;;;;;;;;;;;;;;oui;;;oui;;anglais;;;;;;oui;;64;[ 47.2464273 , -1.5009625]
58;HOTEL (L');6 Rue Henri IV;;44000;NANTES;;02 40 29 30 31;;02 40 29 00 95;lhotel@mageos.com;www.nanteshotel.com;31 chambres;De 79 à 160 Euros;;Hôtels;;;oui;;oui;;;;;;Hotel Cert;;;;;CléVerte;;;;oui;;;oui;;anglais;;;;;;oui;;31;[ 47.217816 , -1.5479687]
59;KYRIAD NANTES GARE;8 Allée du Commandant Charcot;;44000;NANTES;;02 40 74 14 54;;02 40 74 77 68;kyriad-nantescentre@wanadoo.fr;www.kyriadnantescentre.fr;94 chambres;De 98 à 164 Euros;;Hôtels;;;;;;;;;;;Kyriad;;;;;;;;;;;;oui;;allemand;anglais;espagnol;;;;oui;;94;[ 47.217625 , -1.544374]
60;LA PEROUSE;3 Allée Duquesne;;44000;NANTES;;02 40 89 75 00;;02 40 89 76 00;information@hotel-laperouse.fr;www.hotel-laperouse.fr;46 chambres;De 89 à 195 Euros;;Hôtels;;;;;;;;;;;Hotel Cert;;;;;CléVerte;EcoLabel;;;;;;oui;;allemand;anglais;espagnol;italien;;;oui;;46;[ 47.2185047 , -1.5446583]
61;DUQUESNE;12 allée Duquesne;;44000;NANTES;;02 40 47 57 24;;02 40 89 61 06;hotel.duquesne@wanadoo.fr;www.hotelduquesne-nantes.com;25 chambres;De 60 à 99 Euros;;Hôtels;;;oui;oui;oui;;;;;1 cocotte;;;;;;CléVerte;EcoLabel;;;;;;oui;;allemand;anglais;;;;;oui;;25;[ 47.21763796 , -1.55680516]
62;LONGCHAMP (LE);78/80, Route de Vannes;;44100;NANTES;;02 40 76 96 88;;02 51 83 86 46;hubert.courteille@wanadoo.fr;www.hotel-lelongchamp.fr;26 chambres;De 48 à 58 Euros;;Hôtels;;;;;;;;;;;;;;;;;;;;oui;;;oui;;anglais;;;;;;;;26;[ 47.2352723 , -1.5827716]
63;TRIANON;43 Boulevard Victor Hugo;;44200;NANTES;;02 40 47 82 00;;02 40 89 02 52;contact@hotel-trianon.fr;www.hotel-trianon.fr;21 chambres;De 45 à 56,5 Euros;;Hôtels;;;;;;;;;;;;;;;;;;;;;;;;;anglais;;;;;;oui;;21;[ 47.2028306 , -1.5493349]
64;B&B HÔTEL NANTES LA BEAUJOIRE;82 Route de Paris - La Beaujoire;;44300;NANTES;;08 92 78 80 69;;02 51 89 10 00;bb_4035@hotelbb.com;www.hotelbb.com;60 chambres;De 47 à 65 Euros;;Hôtels;;;;;;;;;;;;;;;;CléVerte;;;;oui;;;oui;;anglais;;;;;;oui;;60;[ 47.2336281 , -1.5088934]
65;HOTEL DU COMMERCE;1 Place du commerce;;44000;NANTES;;02 40 48 77 81;;02 51 72 28 97;;;16 chambres;De 53 à 53 Euros;;Hôtels;;;;;;;;;;;;;;;;;;;;;;;;;anglais;;;;;;oui;;16;[ 47.213418 , -1.557333]
66;SAINT PATRICK;7 Rue Saint Nicolas;;44000;NANTES;;02 40 48 48 80;;01 58 16 57 87;hotel.saint-patrick@orange.fr;www.hotel-saintpatrick.com;24 chambres;De 49 à 58 Euros;Fermé du 25/12 au 02/01/2013;Hôtels;;;;;;;;;;;;;;;;;;;;;;;;;anglais;espagnol;;;;;oui;;24;[ 47.2149893 , -1.5569885]
67;HOTEL MERCURE NANTES CENTRAL;4 Rue du Couëdic;;44000;NANTES;;02 51 82 10 00;;02 51 82 10 10;H1985@accor-hotels.com;www.mercure.com/mercure/;162 chambres;De 90 à 245 Euros;;Hôtels;;;;;;;;;;;Mercure;;;Hotel Cert;;;;;;oui;;;oui;;allemand;anglais;espagnol;;;;oui;;162;[ 47.2140307 , -1.5570159]
68;BOURGOGNE (DE);9 Allée du Commandant Charcot;;44000;NANTES;;02 40 74 03 34;;02 40 14 03 86;bourgogne.hotel@wanadoo.fr;;40 chambres;De 60 à 140 Euros;;Hôtels;;;;;;;;;;;;;;;;;;;;;;;oui;;anglais;italien;;;;;oui;;40;[ 47.2175153 , -1.5444838]
69;GRASLIN (LE);1 rue Piron;;44000;NANTES;;02 40 69 72 91;;02 40 69 04 44;info@hotel-graslin.com;www.hotel-graslin.com;47 chambres;De 69 à 135 Euros;;Hôtels;;;oui;oui;oui;;;;;;Citotel;;;Hotel Cert;;;;;;;;;oui;;anglais;;;;;;oui;;47;[ 47.2122634 , -1.5617997]
70;ALL SEASONS NANTES CENTRE;3, Rue du Couëdic;;44000;NANTES;;02 40 35 74 50;;02 40 20 09 35;allseasons.nantes@orange.fr;www.all-seasons-hotels.com;65 chambres;De 65 à 205 Euros;;Hôtels;;;;;;;;;;;All seasons;;;;;;;;oui;;;;oui;;anglais;;;;;;oui;;65;[ 47.21405815 , -1.55706149]
71;COMFORT HOTEL NANTES ASTORIA;4, allée du commandant Charcot;;44000;NANTES;;02 40 74 39 90;;02 40 14 05 49;contact@astorianantes.com;www.hotelastorianantes.com;43 chambres;De 49 à 95 Euros;;Hôtels;;;oui;oui;oui;;;;;;Choise hôtels;;;;;;;;;oui;;;oui;;anglais;espagnol;italien;;;;oui;;43;[ 47.2177212 , -1.5437635]
72;CHATEAUBRIAND;2 bis, Rue Châteaubriand;;44000;NANTES;;02 40 20 22 38;;02 51 82 45 16;hotelchateaubriand@wanadoo.fr;www.hotel-chateaubriand-nantes.com;18 chambres;De 54 à 61 Euros;;Hôtels;;;;;;;;;;;;;;;;;;;;oui;;;oui;;anglais;;;;;;;;18;[ 47.2213706 , -1.5551214]
73;CHOLET (LE);10, Rue Gresset;;44000;NANTES;;02 40 73 31 04;;02 40 73 78 82;hotel.cholet@wanadoo.fr;www.hotelcholet-nantes.com;40 chambres;De 57 à 110 Euros;;Hôtels;;;;;;;;;;;;;;;;;;;;;;;;;anglais;;;;;;oui;;40;[ 47.2119767 , -1.5644658]
74;COEUR DE LOIRE;3, Rue Anatole Le Braz;;44000;NANTES;;02 40 74 35 61;;02 40 74 09 25;contact@coeurdeloirehotel.com;www.coeurdeloirehotel.com;15 chambres;De 50 à 60 Euros;;Hôtels;;;oui;oui;oui;;;;;;;;;;;;;;;;;;;;anglais;;;;;;oui;;15;[ 47.2288626 , -1.5623002]
75;IBIS STYLE NANTES PLACE GRASLIN ;5, rue du Chapeau Rouge;;44000;NANTES;;02 40 48 79 76;;02 40 12 49 25;hoteldescolonies@free.fr;www.hoteldescolonies.fr;38 chambres;De 75 à 125 Euros;;Hôtels;;;;;;;;;;;;;;;;;;;;;;;;;anglais;espagnol;italien;;;;oui;;38;[ 47.214981 , -1.5602717]
76;HOTEL DE LA GARE - CITOTEL;5, Allée du Commandant Charcot;;44000;NANTES;;02 40 74 37 25;;02 40 93 33 71;contact@hotel-gare-nantes.com;www.hotel-gare-nantes.com;28 chambres;De 54 à 90 Euros;;Hôtels;;;;;;;;;;;Citotel;;;;;;;;;;;;oui;;allemand;anglais;espagnol;;;;oui;;28;[ 47.2172487 , -1.54506201]
77;GRAND HOTEL DE NANTES;2 bis, Rue Santeuil;;44000;NANTES;;02 40 73 46 68;;02 40 69 65 98;grandhotel-nantes@wanadoo.fr;www.grandhotel-nantes.com;41 chambres;De 59 à 89 Euros;;Hôtels;;;;;;;;;;;Inter Hotel;;;Hotel Cert;;;;;oui;;;;oui;;anglais;;;;;;oui;;41;[ 47.2127304 , -1.560239]
78;POMMERAYE;2, Rue Boileau;;44000;NANTES;;02 40 48 78 79;;02 40 47 63 75;resa@hotel-pommeraye.com;www.hotel-pommeraye.com;50 chambres;De 59 à 164 Euros;;Hôtels;;;;;;;;;;;Citotel;;;Hotel Cert;;CléVerte;;;;;;;oui;;anglais;espagnol;italien;;;;oui;;50;[ 47.2141747 , -1.5604036]
79;SURCOUF (LE);38, Rue de Richebourg;;44000;NANTES;;02 40 74 17 25;;02 40 93 33 29;hotelsurcouf@wanadoo.fr;www.hotelsurcouf.fr;38 chambres;De 66 à 82 Euros;;Hôtels;;;;;;;;;;;Inter Hotel;;;;;;;;;;;;oui;;anglais;espagnol;;;;;oui;;38;[ 47.2173056 , -1.5465149]
80;TERMINUS;3, Allée du Commandant Charcot;;44000;NANTES;;02 40 74 24 51;;02 40 74 44 11;contact@hotel-terminus-nantes.com;www.hotel-terminus-nantes.com;36 chambres;De 58 à 68 Euros;;Hôtels;;;;;;;;;;;Contact Hotel;;;;;;;;;;;;oui;;anglais;;;;;;oui;;36;[ 47.2177968 , -1.5436515]
81;ABAT JOUR;17, Rue Geoffroy Drouet;;44000;NANTES;;02 40 74 35 95;;02 40 74 34 92;abat.jour@wanadoo.fr;www.hotelabatjour.com;15 chambres;De 46 à 73 Euros;;Hôtels;;;;;;;;;;;;;;;;;;;;;;;;;anglais;;;;;;oui;;15;[ 47.2217484 , -1.5485505]
82;BOURSE (DE LA);19, Quai de la Fosse;;44000;NANTES;;02 40 69 51 55;;02 40 71 73 89;;;20 chambres;De 27 à 37 Euros;;Hôtels;;;;;;;;;;;;;;;;;;;;;;;oui;;anglais;;;;;;oui;;20;[ 47.2113044 , -1.5609426]
83;CHATEAU (DU);5, Place de la Duchesse Anne;;44000;NANTES;;02 40 74 17 16;;;hotelduchateau44@orange.fr;www.hotelduchateau-nantes.fr;12 chambres;De 45 à 55 Euros;;Hôtels;;;;;;;;;;;;;;;;;;;;;;;;;anglais;espagnol;;;;;oui;;12;[ 47.217399 , -1.5475068]
84;GRAND MONARQUE (DU);36, Rue du Maréchal Joffre;;44000;NANTES;;02 40 74 02 40;;02 40 89 11 99;grand-monarque@wanadoo.fr;www.hotel-grand-monarque.com;30 chambres;De 49 à 89 Euros;;Hôtels;;;;;;;;;;;Inter Hotel;;;Hotel Cert;;;;;;oui;;;;;anglais;;;;;;oui;;30;[ 47.2215425 , -1.5476867]
85;OCEAN (L');11, Rue du Maréchal de Lattre de Tassign;;44000;NANTES;;02 40 69 73 51;;02 40 69 17 46;info@hotel-nantes.com;www.hotel-nantes.com;24 chambres;De 45 à 50 Euros;;Hôtels;;;;;;;;;;;;;;;;;;;;oui;;;oui;;anglais;;;;;;oui;;24;[ 47.2119726 , -1.5613686]
86;ORLEANS (D');12, Rue du Marais;;44000;NANTES;;02 40 47 69 32;;02 51 82 34 66;hoteldorleansnantes@free.fr;www.nantes-hotel-dorleans.com;15 chambres;De 52 à 62 Euros;;Hôtels;;;oui;;oui;;;;;;;;;;;;;;;;;;;;anglais;;;;;;oui;;15;[ 47.2181812 , -1.5566763]
87;RENOVA;11, Rue Beauregard;;44000;NANTES;;02 40 47 57 03;;02 51 82 06 39;hotelrenova@hotmail.com;www.hotel-renova.com;24 chambres;De 43 à 53 Euros;;Hôtels;;;;;;;;;;;;;;;;;;;;;;;oui;;anglais;espagnol;;;;;oui;;24;[ 47.2148963 , -1.5551454]
88;SAINT DANIEL;4, Rue du Bouffay;;44000;NANTES;;02 40 47 41 25;;02 51 72 03 99;hotel.st.daniel@wanadoo.fr;www.hotel-saintdaniel.com;19 chambres;De 50 à 72 Euros;;Hôtels;;;;;;;;;;;;;;;;;;;;;;;;;anglais;;;;;;;;19;[ 47.214944 , -1.5540503]
89;TOURISME (DU);5, Allée Duquesne - Cours des 50 Otages;;44000;NANTES;;02 40 47 90 26;;02 40 35 57 25;hotel.du.tourisme@wanadoo.fr;www.hotel-dutourisme.com;19 chambres;De 49 à 78 Euros;;Hôtels;;;;;;;;;;;;;;;;;;;;;;;;;anglais;;;;;;;;19;[ 47.2185047 , -1.5446583]
90;SAINT YVES;154, Rue du Général Buat;;44000;NANTES;;02 40 74 48 42;;02 40 72 41 64;galina.garry@gmail.com;www.hotel-saintyves.fr;10 chambres;De 37 à 55 Euros;;Hôtels;;;oui;oui;;;;;;;;;;;;;;;;;;;oui;;anglais;espagnol;;;;;oui;;10;[ 47.2262831 , -1.5433098]
91;LE RELAIS DE LA GRANGE;P.A La Pancarte;Rue d'Anjou;44390;NORT-SUR-ERDRE;;02 51 12 60 57;;02 51 12 01 76;contact@relaislagrange.com;http://www.relaislagrange.com/;20 chambres;De 66 à 71 Euros;;Hôtels;;;;;;oui;oui;oui;oui;1 cocotte;;;;;;;;Canal de Nantes à Brest et Pays de Redon;;oui;;;oui;;anglais;;;;;;oui;;20;[ 47.4371021 , -1.4817221]
92;INTER HOTEL AGORA;31, Rue Jules Verne;;44700;ORVAULT;;02 51 78 53 58;08 26 10 39 09;02 51 78 83 30;ha4412@inter-hotel.com;www.hotel-agora-nantes.com;45 chambres;De 55 à 85 Euros;;Hôtels;;;;;;;;;;;Inter Hotel;;;;;;;;;oui;;;oui;;anglais;;;;;;oui;;45;[ 47.2520846 , -1.6190518]
93;CITOTEL ALBERT;129/131, route de Rennes;;44700;ORVAULT;;02 40 76 76 08;;02 40 40 58 24;citotelalbert@wanadoo.fr;www.citotel.com;23 chambres;De 45 à 48 Euros;;Hôtels;;;;;;;;;;;Citotel;;;;;;;;;oui;;;;;anglais;;;;;;oui;;23;[ 47.2557713 , -1.5778318]
94;BEAU SOLEIL;70 quai Leray;Place du Petit Nice;44210;PORNIC;;02 40 82 34 58;;02 40 82 43 00;contact@hotel-beausoleil-pornic.com;www.hotel-beausoleil-pornic.com;17 chambres;De 68 à 130 Euros;Ouvert toute l'année;Hôtels;;;;;;;;;;;;;;;;;;;;;;;oui;;anglais;;;;;;oui;;17;[ 47.1146701 , -2.1050726]
95;BRIT HOTEL LES ALIZES;44 rue du Général de Gaulle;;44210;PORNIC;;02 40 82 00 51;;02 40 82 87 32;alizes@brithotel.fr;www.brithotel.fr/fr/hotel-brit-hotel-les-alizes-pornic-c0-93608-148-0.html;29 chambres;De 62 à 76 Euros;Ouvert toute l'année;Hôtels;;;;;;oui;;;;;Brit Hotel;;;;;;;;;oui;;;oui;;anglais;;;;;;oui;;29;[ 47.1137768 , -2.0927467]
96;ARC EN CIEL;Les Gentelleries;Route de Nantes;44210;PORNIC;;02 28 53 00 22;;02 28 53 01 24;hotel.arcenciel@cegetel.net;www.hotel-arc-en-ciel.fr;30 chambres;De 44,8 à 52,5 Euros;Ouvert toute l'année;Hôtels;;;;;;;;;;;;;;;;;;;;oui;;;oui;;anglais;;;;;;oui;;30;[ 47.112836 , -2.0837673]
97;NUIT DE RETZ;Zone de Loisirs - rue du Grand Pré;Route de Nantes Pornic;44710;PORT-SAINT-PERE;;02 40 57 91 14;;02 40 47 73 49;nuitderetz@orange.fr;www.hotel-nuitderetz.com;44 chambres;A partir de 80 Euros;A l'année;Hôtels;;;;;;oui;oui;oui;oui;;;;;;;;;;;oui;;oui;;oui;anglais;espagnol;;;;;oui;;44;[ 47.134543 , -1.7473586]
98;PREMIERE CLASSE - REZE;4, impasse Ordronneau;CP 2511;44406;REZE;;08 92 70 72 40;;02 40 32 30 58;;www.premiereclasse.fr;74 chambres;;;Hôtels;;;;;;;;;;;Première Classe;;;;;;;;;oui;;;oui;;anglais;;;;;;oui;;74;[ 47.1847391 , -1.5460755]
99;CHEVAL BLANC (DU);50, Rue de la Commune;;44400;REZE;;02 40 75 65 07;;02 40 75 92 48;hotelduchevalblanc@wanadoo.fr;www.hotel-duchevalblanc.com;20 chambres;De 60 à 85 Euros;;Hôtels;;;;;;;;;;;;;;;;;;;;oui;;;oui;;anglais;espagnol;;;;;;;20;[ 47.2181665 , -1.5539656]
100;L'ESTUAIRE;Parc d'Activités de la Guerche;Rue de Lieutenant Maurice Legris;44250;SAINT-BREVIN;;02 40 27 39 40;;02 40 27 46 65;hotelestuaire@wanadoo.fr;www.hotelestuaire.fr;30 chambres;De 51 à 60 Euros;Ouvert toute l'année;Hôtels;;;;;;;;;;;Contact Hotel;;;;;;;;;oui;;;oui;;anglais;;;;;;oui;;30;[ 47.247906 , -2.14668]
101;B&B HOTEL NANTES SAINT HERBLAIN;rue du Moulin de la Rousselière - D201;;44800;SAINT-HERBLAIN;;08 92 78 01 11;;02 51 79 43 00;bb_4504@hotelbb.com;;72 chambres;De 47 à 48 Euros;;Hôtels;;;;;;;;;;;;;;;;CléVerte;;;;oui;;;oui;;allemand;anglais;;;;;oui;;72;[ 47.2325203 , -1.64561757]
102;HOTEL F1 - SAINT HERBLAIN;4, Rue des Piliers de la Chauvinière;;44800;SAINT-HERBLAIN;;08 91 70 53 37;;02 40 63 64 71;;www.hotelformule1.com;63 chambres;De 32 à 41 Euros;;Hôtels;;;;;;;;;;;;;;;;;;;;oui;;;oui;;anglais;;;;;;;;63;[ 47.2296141 , -1.6338768]
103;PREMIERE CLASSE - SAINT HERBLAIN;Rue du Moulin de la Rousselière;CP 4103;44800;SAINT-HERBLAIN;;08 92 70 70 24;;02 40 63 13 11;premiereclasse.nantes@shfrance.com;www.premiereclasse.fr;60 chambres;De 40 à 47 Euros;;Hôtels;;;;;;;;;;;Première Classe;;;;;;;;;oui;;;oui;;anglais;espagnol;;;;;oui;;60;[ 47.2144177 , -1.6388837]
104;ETAP HOTEL NANTES NORD SAINT HERBLAIN;Avenue des Lions;;44800;SAINT-HERBLAIN;;02 28 01 74 37;;02 28 01 74 36;h6674@accor.com;;70 chambres;;;Hôtels;;;;;;;;;;;Etap Hotel;;;;;;;;;oui;;;oui;;anglais;;;;;;oui;;70;[ 47.2484091 , -1.6193691]
105;AGIL;Route de Saint Etienne de Montluc;Zone Atlantis;44800;SAINT-HERBLAIN;;02 40 92 04 10;;02 40 92 05 27;;;38 chambres;De 36 à 38 Euros;;Hôtels;;;;;;;;;;;;;;;;;;;;oui;;;oui;;;;;;;;oui;;38;[ 47.2319122 , -1.6343515]
106;ATLANTYS HOTEL;8 rue des cochardières;Zac Armor;44800;SAINT-HERBLAIN;;02 40 63 99 63;;02 40 34 36 54;atlantys.hotel@wanadoo.fr;www.atlantys-hotel.fr;49 chambres;De 50 à 120 Euros;;Hôtels;;;;;;;;;;;Brit Hotel;;;;;CléVerte;;;;oui;;;oui;;anglais;espagnol;;;;;oui;;49;[ 47.2277557 , -1.6330708]
107;BALLADINS NANTES SAINT HERBLAIN;1, Rue des Piliers de la Chauvinière;;44800;SAINT-HERBLAIN;;02 40 63 95 63;;02 40 63 89 85;contact@aulizen.fr;www.aulizen.fr;50 chambres;De 50 à 68 Euros;;Hôtels;;;;;;;;;;;;;;Hotel Cert;;;;;;oui;;;oui;;anglais;espagnol;;;;;oui;;50;[ 47.2296592 , -1.6340139]
108;KYRIAD SAINT-HERBLAIN;Esplanade Ella Fitzgerald;ZAC Armor;44800;SAINT-HERBLAIN;;02 72 01 00 00;;02 72 01 00 01;nantes.stherblain@kyriad.fr;;70 chambres;De 79 à 150 Euros;;Hôtels;;;;;;;;;;;Kyriad;;;;;;;;;oui;;;oui;;anglais;espagnol;italien;;;;oui;;70;[ 47.2144177 , -1.6388837]
109;LA COTE DE JADE;2, avenue de Bretagne;Tharon Plage;44730;SAINT-MICHEL-CHEF-CHEF;;02 40 27 82 31;06 85 66 73 28;02 40 64 90 73;hotellacotedejade@orange.fr;;7 chambres;A parir de 68 Euros;A l'année (sur réservation du 1 oct au 1 avr);Hôtels;;;;;;;;;;;;;;;;;;;;;;;oui;;anglais;espagnol;;;;;;;7;[ 47.1668699 , -2.1662878]
110;BRIT HOTEL LE KORALI;2, rue du Commandant l'Herminier;Place Pierre Sémard;44600;SAINT-NAZAIRE;;02 40 01 89 89;;02 40 66 47 96;hotelkorali@wanadoo.fr;www.hotelkorali.fr;55 chambres;De 60 à 65 Euros;;Hôtels;;;;;;;;;;;Brit Hotel;;;;;;;;;;;;oui;oui;anglais;espagnol;;;;;oui;;55;[ 47.2896954 , -2.2614914]
111;HOLIDAY INN EXPRESS;1 rue de la Floride;;44600;SAINT-NAZAIRE;;02 40 19 01 01;;02 40 19 01 04;resa@hie44600.com;www.hotelsaintnazaire.com;75 chambres;De 85 à 150 Euros;;Hôtels;;;;;;oui;oui;;oui;;Holiday In Express;;;;;;;;;oui;;;oui;;allemand;anglais;espagnol;;;;;;75;[ 47.2896954 , -2.2614914]
112;LA BELLE EPEE;45, rue Jean Jaurès;;44600;SAINT-NAZAIRE;;02 40 22 55 93;;02 40 01 85 95;sarl-hotel-labelleepee@wanadoo.fr;www.citotel.com;11 chambres;De 46 à 67 Euros;;Hôtels;;;;;;;;;;;Citotel;;;;;;;;;;;;;;anglais;;;;;;oui;;11;[ 47.2794449 , -2.2105174]
113;LE BRETAGNE;7, avenue de la République;;44600;SAINT-NAZAIRE;;02 51 76 30 00;;02 51 76 30 30;info@hotel-le-bretagne.com;www.hotel-le-bretagne.com;32 chambres;De 51 à 69 Euros;;Hôtels;;;;;;;;;;;Contact Hotel;;;;;;;;;oui;;;oui;;anglais;;;;;;oui;;32;[ 47.2748482 , -2.2136119]
114;LE DAUPHIN;33, rue Jean Jaurès;;44600;SAINT-NAZAIRE;;02 40 66 59 61;;02 40 01 87 63;hoteldauphin@wanadoo.fr;www.hotel-ledauphin-stnazaire.com;21 chambres;De 36 à 65 Euros;;Hôtels;;;;;;;;;;;;;;;;;;;;;;;oui;;anglais;;;;;;oui;;21;[ 47.2794933 , -2.2095381]
115;L'EUROPE;2, place des Martyrs de la Résistance;;44600;SAINT-NAZAIRE;;02 40 22 49 87;;02 40 66 23 28;hoteldeleurope@free.fr;www.hoteldeleurope-saintnazaire.com;33 chambres;De 49,5 à 69 Euros;;Hôtels;;;;;;;;;;;;;;;;;;;;oui;;;oui;;allemand;anglais;italien;;;;oui;;33;[ 47.279284 , -2.215215]
116;LE SAINT LOUIS;48, rue des Halles;;44600;SAINT-NAZAIRE;;02 40 22 40 34;;02 40 22 63 43;;www.le-saint-louis.hotels.officelive.com;21 chambres;De 32 à 52 Euros;;Hôtels;;;;;;;;;;;;;;;;;;;;;;;oui;;;;;;;;oui;;21;[ 47.2799199 , -2.2149658]
117;LE TOURAINE;4, avenue de la République;;44600;SAINT-NAZAIRE;;02 40 22 47 56;;02 40 22 55 05;hoteltouraine@free.fr;www.hotel-de-touraine.com;18 chambres;De 36 à 50 Euros;;Hôtels;;;;;;;;;;;;;;Hotel Cert;;;;;;oui;;;oui;;anglais;;;;;;oui;;18;[ 47.2745785 , -2.2134488]
118;HOTEL ANAIADE;45 route de Fondeline;ZA de Brais;44600;SAINT-NAZAIRE;;02 40 19 52 52;;02 40 15 01 47;ha4411@inter-hotel.com;www.inter-hotel.fr;30 chambres;De 64 à 85 Euros;;Hôtels;;;;;;;;;;;Inter Hotel;;;;;;;;;oui;;;;;anglais;;;;;;oui;;30;[ 47.2859874 , -2.2956486]
119;BEL HOTEL;42, avenue Jean Burel;;44460;SAINT-NICOLAS-DE-REDON;;02 99 71 10 10;;02 99 72 33 03;bienvenue@bel-hotel.com;www.bel-hotel.com;30 chambres;;;Hôtels;;;;;;;;;;;;;;Hotel Cert;;;;;;oui;;;oui;;;;;;;;oui;;30;[ 47.6476422 , -2.0820597]
120;B&B HÔTEL NANTES SAINT SEBASTIEN;10, Avenue Jules Verne;Parc tertiaire des Grésillières;44230;SAINT-SEBASTIEN-SUR-LOIRE;;08 92 70 75 48;;02 40 80 54 88;bb_4342@hotelbb.com;www.hotelbb.com;70 chambres;De 39 à 47 Euros;;Hôtels;;;;;;;;;;;;;;;;CléVerte;;;;oui;;;oui;;anglais;;;;;;oui;;70;[ 47.1995473 , -1.5018762]
121;PREMIERE CLASSE - SAINT SEBASTIEN SUR LOIRE;1, Avenue Jules Verne;PA des Grésillières;44230;SAINT-SEBASTIEN-SUR-LOIRE;;02 40 80 79 80;;02 51 79 01 68;nantes.stsebastien@premiereclasse.fr;www.premiereclasse.fr;70 chambres;De 39 à 45 Euros;;Hôtels;;;;;;;;;;;Première Classe;;;;;;;;;oui;;;oui;;anglais;;;;;;oui;;70;[ 47.1995473 , -1.5018762]
122;LE RELAIS DE NANTES - PREMIER PRIX HOTEL;16, Rue Marcel Dassault;ZAC de la Maion Neuve;44980;SAINTE-LUCE-SUR-LOIRE;;02 40 25 99 19;;02 40 25 65 33;info@relaisdenantes.com;www.hotels-residences.fr;68 chambres;De 34 à 34 Euros;;Hôtels;;;;;;;;;;;;;;;;;;;;oui;;;oui;;anglais;;;;;;oui;;68;[ 47.2487446 , -1.4731207]
123;PREMIERE CLASSE - SAINTE LUCE SUR LOIRE;2, Rue Louis Armand;;44980;SAINTE-LUCE-SUR-LOIRE;;02 28 01 41 90;;02 51 85 01 38;1ereclasse.steluce@wanadoo.fr;www.premiereclasse.fr;44 chambres;De 42 à 47 Euros;;Hôtels;;;;;;;;;;;Première Classe;;;;;;;;;oui;;;oui;;;;;;;;oui;;44;[ 47.2642498 , -1.4870483]
124;APARTE (L');Domaine des Thébaudières;Rue d'Amsterdam;44980;SAINTE-LUCE-SUR-LOIRE;;02 28 01 46 66;;02 28 01 46 67;contact@hotel-aparte.fr;www.hotel-aparte.fr;29 chambres;De 39 à 55,5 Euros;;Hôtels;;;;;;;;;;;;;;;;;;;;oui;;;oui;;anglais;;;;;;oui;;29;[ 47.2537069 , -1.4760423]
125;ETAP HOTEL - SAINTE LUCE SUR LOIRE;4, Rue Gustave Eiffel;;44980;SAINTE-LUCE-SUR-LOIRE;;08 92 68 08 89;;02 40 25 89 82;H3581@accor.com;www.etaphotel.com;58 chambres;De 39 à 60 Euros;;Hôtels;;;;;;;;;;;Etap Hotel;;;Hotel Cert;;;;;;oui;;;oui;;anglais;;;;;;oui;;58;[ 47.2632155 , -1.4859532]
126;HOTEL PREMIERE CLASSE;rue des Aigrettes;ZAC des Savines;44570;TRIGNAC;;02 40 90 27 78;;02 40 45 80 02;stnazaire.trignac@premiereclasse.fr;www.premiereclasse.com;69 chambres;De 35 à 46 Euros;;Hôtels;;;;;;;;;oui;;Première Classe;;;;;;;;;oui;;;oui;;anglais;;;;;;oui;;69;[ 47.3152507 , -2.2049379]
127;HOTEL F1;Rue des Aigrettes;Zac de savine;44570;TRIGNAC;;08 91 70 53 86;;02 40 90 21 23;H2223@accor.com;www.hotelf1.com;75 chambres;De 36 à 39 Euros;;Hôtels;;;;;;;;;oui;;;;;;;;;;;oui;;;oui;;anglais;;;;;;oui;;75;[ 47.3152507 , -2.2049379]
128;IBIS ;5, rue la fontaine au brun;;44570;TRIGNAC;;02 40 90 39 39;;02 40 90 19 49;H0858@accor.com;www.ibisatlantique.fr;62 chambres;De 62 à 92 Euros;;Hôtels;;;;;;;;;;;Ibis;;;;;;;;;oui;Piscine;;oui;oui;allemand;anglais;espagnol;;;;oui;;62;[ 47.3001245 , -2.2087425]
129;HOTEL B&B;Rue des Aigrettes;Zac de savine;44570;TRIGNAC;;08 92 78 80 96;;02 51 16 00 16;bb_4107@hotelbb.com;www.hotel-bb.com;71 chambres;De 44 à 67 Euros;;Hôtels;;;;;;;;;;;;;;;;CléVerte;;;;oui;;;oui;;allemand;anglais;;;;;oui;;71;[ 47.2940555 , -2.2099579]
130;CLAIR DE LIE;;43 rue Saint Vincent;44330;VALLET;;02 40 33 92 55;;02 40 36 39 66;clairdelie@orange.fr;www.clairdelie.com;22 chambres;A partir de 46 Euros;Ouvert toute l'année;Hôtels;;oui;;;;;;;;;;;;;;;;;oui;oui;;;oui;;anglais;;;;;;oui;;22;[ 47.161737 , -1.27465]
131;LE DON QUICHOTTE;35 route de Clisson;;44330;VALLET;;02 40 33 99 67;;02 40 33 99 72;;www.logisdefrance-paysdelaloire.com;12 chambres;A partir de 58.50 Euros;;Hôtels;;;;;;;;;;1 cocotte;;;;;;;;;oui;oui;;;oui;;anglais;;;;;;oui;;12;[ 47.158622 , -1.271169]
132;LA HAUTE FORET;;53 bd de l'Europe;44120;VERTOU;;02 40 34 01 74;;02 51 71 24 23;lahauteforet@wanadoo.fr;www.la-haute-foret.com;34 chambres;;Ouvert toute l'année;Hôtels;;;;;;;;;;1 cocotte;;;;;;;;;;oui;;;;;anglais;;;;;;oui;;34;[ 47.1692295 , -1.4661752]
133;LE LAURIER FLEURI;460 Route de Clisson;;44120;VERTOU;;02 51 79 01 01;;02 51 79 01 50;relaislaurierfleuri@orange.fr;www.lelaurierfleuri.fr;10 chambres;De 87 à 1 Euros;Ouvert toute l'année;Hôtels;;;;;;;;;;1 cocotte;;;;;;;;;oui;oui;;;;oui;anglais;;;;;;oui;;10;[ 47.1561441 , -1.4631465]
134;LE BEAUTOUR;51 route de Nantes;;44120;VERTOU;;02 40 34 59 11;;02 40 03 27 47;dauvergne.jean-luc@orange.fr;www.hotel-lebeautour.com;13 chambres;A partir de 65 Euros;Ouvert toute l'année;Hôtels;;;;;;;;;;;;;;;;;;;;oui;;;oui;;allemand;anglais;espagnol;italien;;;;;13;[ 47.1813106 , -1.5121498]
135;HOTEL TEST;11 rue du Chateau;La roselière;44300;NANTES;;02 51 72 95 30;;240204454;info@ohlaloireatlantique.com;www.ohlaloireatlantique.com;30 Chambres, 20 Suites;De 50 euros à 120 euros;Ouvert toute l'année;Hôtels;;oui;;oui;;oui;oui;oui;oui;;Brit Hotel;Gault Millau;;;;;;Nantes et environs;oui;oui;Piscine;oui;oui;oui;anglais;français;;;;;oui;;50;[ 47.2336281 , -1.5088934]
136;ALL SEASONS NANTES SUD REZE;1, rue de l'ile Mace;;44400;REZE;;02 28 07 17 91;;02 28 07 17 92;H7054@accor.com;www.all-seasons-hotels.com/hotel-7054-all-saisons-nantes-sud-reze/index.shtml;70 chambres;De 69 à 125 Euros;;Hôtels;;;;;;;;;;;Etap Hotel;;;;;;;;;;;;;;;;;;;;;;70;[ 47.1950861 , -1.555738]
137;BALLADINS;6, rue de l'Hôtellerie;;44470;CARQUEFOU;;02 40 30 12 12;;02 40 25 11 05;nantes.confort@balladins.com;www.balladins-nantes.com;40 chambres;De 52 à 76 Euros;;Hôtels;;;;;;;;;;;;;;;;CléVerte;;Nantes et environs;;oui;;;oui;;anglais;;;;;;oui;;40;[ 47.29624099 , -1.486812]
138;BEST HOTEL NANTES CENTRE;9, Rue du Maréchal de Lattre de Tassigny;;44000;NANTES;;02 40 73 85 33;;02 40 69 89 33;nantes@besthotel.fr;www.besthotel.fr/nantes;27 chambres;De 59 à 99 Euros;;Hôtels;;;;;;oui;oui;oui;;;;;;;;CléVerte;;;;;;;oui;;anglais;;;;;;oui;;27;[ 47.2185047 , -1.5446583]
139;BEST WESTERN GARDEN AND SPA;30, avenue du Bois d'Amour;;44500;LA BAULE;;02 40 60 77 12;;02 40 60 89 58;reception@hotelgardenspa.com;www.hotelgardenspalabaule.com;34 chambres;De 75 à 125 Euros;Ouvert du 01/01/2012 au 31/12/2012;Hôtels;;;;;;;;;;;;Best Western;;;;;;;oui;;Piscine;oui;oui;oui;;;;;;;oui;;34;[ 47.2875887 , -2.3820787]
140;BEST WESTERN PLUS LE COLISEE;29, rue Bobby Sands;;44800;SAINT-HERBLAIN;;02 28 270 700;;02 28 270 799;reservations@hotel-lecolisee.com;www.hotel-lecolisee.com;48 chambres;De 120 à 150 Euros;;Hôtels;;;;;;;;;;;;Best Western;;;;;;;;;;oui;oui;;;;;;;;;;48;[ 47.2340723 , -1.6536949]
141;BRIT HOTEL BELFORT;1 Rue de Belfort;;44000;NANTES;;02 40 47 05 57;;;belfort@brithotel.fr;www.brithotel.fr;50 chambres;De 63 à 101 Euros;;Hôtels;;;;;;;;;;;Brit Hotel;;;;;CléVerte;;;;oui;;;oui;;;;;;;;oui;;50;[ 47.2110314 , -1.5445521]
142;CAMBRONNE (LE);11, Rue Fourcroy;;44000;NANTES;;02 40 44 68 00;;02 40 69 65 66;contact@hotel-cambronne.com;www.hotel-cambronne.com;19 chambres;De 51 à 65 Euros;;Hôtels;;;;;;;;;;;;;;;;;;;;oui;;;oui;;anglais;;;;;;oui;;19;[ 47.2118906 , -1.5617128]
143;CAMPANILE NANTES CENTRE SAINT JACQUES;16 boulevard Emile Gabory;;44200;NANTES;;02 72 65 65 65;;;nantes.centre.stjacques@campanile.fr;www.campanile.com;107 chambres;De 65 à 115 Euros;;Hôtels;;;;;;;;;;;;Campanile;;;;;;;;;;;oui;;anglais;espagnol;;;;;oui;;107;[ 47.1963276 , -1.5307012]
144;ESCALE OCEANIA;50 avenue de la Plage;;44380;PORNICHET;;02 40 11 26 26;;02 40 11 26 00;cdelaplace@oceaniahotels.com;www.oceaniahotels.com/escale-oceania-pornichet-la-baule.php;95 chambres;De 75 à 140 Euros;Ouvert toute l'année 24/24;Hôtels;;;;;;;;;;;;;;;;;;;oui;oui;;;oui;oui;allemand;anglais;espagnol;;;;oui;;95;[ 47.261195 , -2.340755]
145;HOTEL ECO NUIT;Domaine de Bréhadour;1 rue du Milan Noir;44350;GUERANDE;;02 40 45 85 47;;02 40 45 85 17;reception-guerande@econuit.com;www.econuit.com;70 chambres;De 39 à 69 Euros;Ouvert toute l'année;Hôtels;;;;;;;;oui;;;;;;;;;;;oui;oui;;;oui;oui;allemand;anglais;espagnol;;;;oui;;70;[ 47.328003 , -2.4297589]
146;LE CHEVAL BLANC;Place de l'Eglise;;44430;LE LOROUX-BOTTEREAU;;02 40 33 80 34;;02 51 71 96 58;lechevalblanc44@orange.fr;www.logisdefrance-paysdelaloire.com;11 chambres;A partir de 60 Euros;;Hôtels;;;;;;;;;;;;;;;;;;Clisson et le Vignoble nantais;oui;oui;;;oui;Séminaire;;;;;;;oui;;11;[ 47.237914 , -1.34842]
147;NOVELLA NANTES CARQUEFOU;8 rue de l'Hôtellerie;;44470;CARQUEFOU;;02 28 23 09 59;;02 40 25 11 05;adda2@free.fr;www.novella-nantes.com;42 chambres;De 63 à 105 Euros;;Hôtels;;;;;;;;;;;Inter Hotel;;;;;CléVerte;;;;oui;;;oui;;anglais;italien;;;;;oui;;42;[ 47.29624099 , -1.486812]
148;QUICK PALACE;6, Rue du Chemin Rouge;;44300;NANTES;;02 40 49 14 15;;02 40 49 04 91;quickpalace.nantes@distelcom.fr;www.quickpalace.com;34 chambres;;;Hôtels;;;;;;;;;;;;;;;;;;;oui;oui;;;oui;;anglais;;;;;;oui;;34;[ 47.2523014 , -1.512673]
149;SOZO HOTEL;16, rue Frédéric Cailliaud;;44000;NANTES;;02 51 82 40 00;;;contact@sozohotel.fr;www.sozohotel.fr;28 chambres;De 97 à 287 Euros;;Hôtels;;;;;;;;;;;;;;;;;;;oui;oui;;;;;;;;;;;;;28;[ 47.2185047 , -1.5446583]
